index,value,confirmations,vout,tx_id
19,1755575985,1,0,29d4915ccefed7662b219947d0d51d5d1daa55183f7f3dab921ced23e9fedecd
31,2103251492,4,0,bb2bbda6b7810df0555ee8553f96ed38ef36fdc16f1910232a05b90e7c43d11c
50,657573742,5,0,2bd7ce6e9f0d51d55b1fe0f3bdb4397266df55a626bfecec29ded6f6f33706b0
827,180899205,270,1,b4ad514f267c9b75381ff29563f7a0aaad350ab4e5be9e087fceb99c77d3df61
15696,187184424,5949,0,94c27b88b66456eb17b5ce782d12b6f9b8733e9c05b9a926ca227c5a1281c419
19389,100000000,7771,0,619191dfb3c7ef71ef3e48b3d6d5a24f77964273e3fcc11052b86c0ce439a69e
19395,100000000,7773,1,8535cbe9d074ac276660b9413e2dd3502c99b782f12dee549ec8e5b7ba9d059f
19402,100000000,7777,0,50cdb585894721f2ca62fcd41583bda027c7248e3cea333a4e8fd7f07644d861
19409,100000000,7784,1,7f5b84e881300bf30ddd6338aa1a8874a02690dcb08f40a1096e7d989c57ad57
19410,100000000,7784,0,a350002d089ccdee540d95dd8c3a60094188c44dddae22c1bee898a103719ca0
19421,100000000,7788,0,2414600d8760ae526bc6652adbaf94f598ba1b7ca1ec2034864dddaba3fc2f06
