index,tx_id
000,5ad448a959678302d59e6f75
003,5ad44bfdce94cf05c955f862
005,5ad44e0ece94cf05c955f864
006,5ad44e1bce94cf05c955f865
009,5ad4503ece94cf05c955f868
011,5ad4517cce94cf05c955f86a
012,5ad4519cce94cf05c955f86b
013,5ad45307ce94cf05c955f86c
014,5ad45353ce94cf05c955f86d
015,5ad4537ece94cf05c955f86e
016,5ad45471ce94cf05c955f86f
017,5ad45a854c372215dd13d61b
018,5ad45aac4c372215dd13d61c
019,5ad45bc64c372215dd13d61d
022,5ad45f554c372215dd13d620
023,5ad460064c372215dd13d621
024,5ad4601c4c372215dd13d622
025,5ad460274c372215dd13d623
027,5ad462d64c372215dd13d625
028,5ad464274c372215dd13d626
029,5ad466074c372215dd13d627
030,5ad466964c372215dd13d628
031,5ad466b84c372215dd13d629
032,5ad467694c372215dd13d62a
034,5ad468234c372215dd13d62c
036,5ad469f14c372215dd13d62e
038,5ad46c154c372215dd13d630
039,5ad46c3a4c372215dd13d631
040,5ad46ca84c372215dd13d632
041,5ad46ec14c372215dd13d633
042,5ad46ef24c372215dd13d634
046,5ad471284c372215dd13d638
047,5ad471b84c372215dd13d639
048,5ad472484c372215dd13d63a
049,5ad472ba4c372215dd13d63b
050,5ad472c54c372215dd13d63c
051,5ad473814c372215dd13d63d
052,5ad4739d4c372215dd13d63e
053,5ad4742c4c372215dd13d63f
054,5ad474d64c372215dd13d640
055,5ad475124c372215dd13d641
056,5ad4758c4c372215dd13d642
057,5ad476594c372215dd13d643
058,5ad476844c372215dd13d644
059,5ad476fb4c372215dd13d645
060,5ad477294c372215dd13d646
062,5ad4791c4c372215dd13d648
064,5ad47be34c372215dd13d64a
066,5ad47d664c372215dd13d64c
067,5ad47dc44c372215dd13d64d
068,5ad47eb64c372215dd13d64e
069,5ad47f9d4c372215dd13d64f
071,5ad484584c372215dd13d651
072,5ad484ba4c372215dd13d652
074,5ad486864c372215dd13d654
075,5ad486964c372215dd13d655
076,5ad4874d4c372215dd13d656
077,5ad487e34c372215dd13d657
078,5ad4884f4c372215dd13d658
079,5ad489674c372215dd13d659
081,5ad489ba4c372215dd13d65b
082,5ad48ad14c372215dd13d65c
083,5ad48afa4c372215dd13d65d
084,5ad48b864c372215dd13d65e
085,5ad48dac4c372215dd13d65f
086,5ad48de24c372215dd13d660
087,5ad48e444c372215dd13d661
089,5ad48f254c372215dd13d663
091,5ad490a54c372215dd13d665
092,5ad491554c372215dd13d666
094,5ad492cd4c372215dd13d668
095,5ad4933b4c372215dd13d669
096,5ad494f14c372215dd13d66a
097,5ad495554c372215dd13d66b
098,5ad4957e4c372215dd13d66c
100,5ad498914c372215dd13d66e
101,5ad4990e4c372215dd13d66f
102,5ad499f44c372215dd13d670
103,5ad49b514c372215dd13d671
104,5ad49caa4c372215dd13d672
108,5ad49e5c4c372215dd13d676
109,5ad49ea34c372215dd13d677
110,5ad49f644c372215dd13d678
111,5ad49faf4c372215dd13d679
123,5ad4a25d4c372215dd13d685
124,5ad4a2ec4c372215dd13d686
125,5ad4a3084c372215dd13d687
126,5ad4a4934c372215dd13d688
128,5ad4a74f4c372215dd13d68a
129,5ad4a9e64c372215dd13d68b
130,5ad4aa604c372215dd13d68c
131,5ad4aacf4c372215dd13d68d
132,5ad4ab444c372215dd13d68e
133,5ad4abb84c372215dd13d68f
134,5ad4abfe4c372215dd13d690
135,5ad4ac0f4c372215dd13d691
136,5ad4ac8e4c372215dd13d692
137,5ad4acaf4c372215dd13d693
138,5ad4ad324c372215dd13d694
139,5ad4ad534c372215dd13d695
140,5ad4ad714c372215dd13d696
141,5ad4ada24c372215dd13d697
142,5ad4ae9d4c372215dd13d698
145,5ad4b06e4c372215dd13d69b
146,5ad4b1224c372215dd13d69c
148,5ad4b2664c372215dd13d69e
149,5ad4b33c4c372215dd13d69f
150,5ad4b3884c372215dd13d6a0
151,5ad4b4b54c372215dd13d6a1
152,5ad4b5034c372215dd13d6a2
153,5ad4b5fb4c372215dd13d6a3
157,5ad4b8154c372215dd13d6a7
158,5ad4b8d74c372215dd13d6a8
159,5ad4b9324c372215dd13d6a9
160,5ad4b9644c372215dd13d6aa
161,5ad4ba104c372215dd13d6ab
162,5ad4baab4c372215dd13d6ac
163,5ad4bb5b4c372215dd13d6ad
164,5ad4bc7b4c372215dd13d6ae
165,5ad4bcc54c372215dd13d6af
166,5ad4bcf94c372215dd13d6b0
168,5ad4bd964c372215dd13d6b2
170,5ad4be974c372215dd13d6b4
171,5ad4bf004c372215dd13d6b5
172,5ad4bf7f4c372215dd13d6b6
173,5ad4bfd94c372215dd13d6b7
174,5ad4c0d94c372215dd13d6b8
175,5ad4c1be4c372215dd13d6b9
177,5ad4c4144c372215dd13d6bb
178,5ad4c5ad4c372215dd13d6bc
179,5ad4c6024c372215dd13d6bd
180,5ad4cb594c372215dd13d6be
181,5ad4cb834c372215dd13d6bf
